image_id,explainer,judge_model,AUC,DROP,InflectionPoint_max_slope,InflectionPoint_threshold
image_00000,grad_cam,resnet50,0.75,0.0,0.0,75.0
image_00000,grad_cam,mobilenet_v2,0.75,0.0,0.0,75.0
image_00001,grad_cam,resnet50,0.75,0.0,0.0,75.0
image_00001,grad_cam,mobilenet_v2,0.75,0.0,0.0,75.0
image_00002,grad_cam,resnet50,0.75,0.0,0.0,75.0
image_00002,grad_cam,mobilenet_v2,0.625,1.0,50.0,75.0
image_00003,grad_cam,resnet50,0.75,0.0,0.0,75.0
image_00003,grad_cam,mobilenet_v2,0.75,0.0,0.0,75.0
image_00004,grad_cam,resnet50,0.2,0.0,25.0,75.0
image_00004,grad_cam,mobilenet_v2,0.0,0.0,0.0,75.0
image_00005,grad_cam,resnet50,0.625,1.0,50.0,75.0
image_00005,grad_cam,mobilenet_v2,0.375,1.0,25.0,50.0
image_00006,grad_cam,resnet50,0.025,1.0,0.0,5.0
image_00006,grad_cam,mobilenet_v2,0.0,0.0,0.0,75.0
image_00007,grad_cam,resnet50,0.75,0.0,0.0,75.0
image_00007,grad_cam,mobilenet_v2,0.025,1.0,0.0,5.0
image_00008,grad_cam,resnet50,0.75,0.0,0.0,75.0
image_00008,grad_cam,mobilenet_v2,0.625,1.0,50.0,75.0
image_00009,grad_cam,resnet50,0.75,0.0,0.0,75.0
image_00009,grad_cam,mobilenet_v2,0.75,0.0,0.0,75.0
image_00010,grad_cam,resnet50,0.75,0.0,0.0,75.0
image_00010,grad_cam,mobilenet_v2,0.75,0.0,0.0,75.0
image_00011,grad_cam,resnet50,0.75,0.0,0.0,75.0
image_00011,grad_cam,mobilenet_v2,0.75,0.0,0.0,75.0
image_00012,grad_cam,resnet50,0.75,0.0,0.0,75.0
image_00012,grad_cam,mobilenet_v2,0.75,0.0,0.0,75.0
image_00013,grad_cam,resnet50,0.375,1.0,25.0,50.0
image_00013,grad_cam,mobilenet_v2,0.15,0.0,10.0,75.0
image_00014,grad_cam,resnet50,0.75,0.0,0.0,75.0
image_00014,grad_cam,mobilenet_v2,0.75,0.0,0.0,75.0
image_00015,grad_cam,resnet50,0.75,0.0,0.0,75.0
image_00015,grad_cam,mobilenet_v2,0.75,0.0,0.0,75.0
image_00016,grad_cam,resnet50,0.75,0.0,0.0,75.0
image_00016,grad_cam,mobilenet_v2,0.75,0.0,0.0,75.0
image_00017,grad_cam,resnet50,0.75,0.0,0.0,75.0
image_00017,grad_cam,mobilenet_v2,0.75,0.0,0.0,75.0
image_00018,grad_cam,resnet50,0.75,0.0,0.0,75.0
image_00018,grad_cam,mobilenet_v2,0.75,0.0,0.0,75.0
image_00019,grad_cam,resnet50,0.75,0.0,0.0,75.0
image_00019,grad_cam,mobilenet_v2,0.75,0.0,0.0,75.0
image_00020,grad_cam,resnet50,0.75,0.0,0.0,75.0
image_00020,grad_cam,mobilenet_v2,0.75,0.0,0.0,75.0
image_00021,grad_cam,resnet50,0.0,0.0,0.0,75.0
image_00021,grad_cam,mobilenet_v2,0.0,0.0,0.0,75.0
image_00022,grad_cam,resnet50,0.75,0.0,0.0,75.0
image_00022,grad_cam,mobilenet_v2,0.75,0.0,0.0,75.0
image_00023,grad_cam,resnet50,0.375,-1.0,0.0,75.0
image_00023,grad_cam,mobilenet_v2,0.25,0.0,50.0,75.0
image_00024,grad_cam,resnet50,0.75,0.0,0.0,75.0
image_00024,grad_cam,mobilenet_v2,0.75,0.0,0.0,75.0
image_00025,grad_cam,resnet50,0.75,0.0,0.0,75.0
image_00025,grad_cam,mobilenet_v2,0.75,0.0,0.0,75.0
image_00026,grad_cam,resnet50,0.625,1.0,50.0,75.0
image_00026,grad_cam,mobilenet_v2,0.025,1.0,0.0,5.0
image_00027,grad_cam,resnet50,0.75,0.0,0.0,75.0
image_00027,grad_cam,mobilenet_v2,0.75,0.0,0.0,75.0
image_00028,grad_cam,resnet50,0.75,0.0,0.0,75.0
image_00028,grad_cam,mobilenet_v2,0.75,0.0,0.0,75.0
image_00029,grad_cam,resnet50,0.0,0.0,0.0,75.0
image_00029,grad_cam,mobilenet_v2,0.0,0.0,0.0,75.0
image_00030,grad_cam,resnet50,0.75,0.0,0.0,75.0
image_00030,grad_cam,mobilenet_v2,0.75,0.0,0.0,75.0
image_00031,grad_cam,resnet50,0.6,0.0,50.0,75.0
image_00031,grad_cam,mobilenet_v2,0.0,0.0,0.0,75.0
image_00032,grad_cam,resnet50,0.625,1.0,50.0,75.0
image_00032,grad_cam,mobilenet_v2,0.625,1.0,50.0,75.0
image_00033,grad_cam,resnet50,0.575,1.0,0.0,5.0
image_00033,grad_cam,mobilenet_v2,0.75,0.0,0.0,75.0
image_00034,grad_cam,resnet50,0.75,0.0,0.0,75.0
image_00034,grad_cam,mobilenet_v2,0.75,0.0,0.0,75.0
image_00035,grad_cam,resnet50,0.625,1.0,50.0,75.0
image_00035,grad_cam,mobilenet_v2,0.625,1.0,50.0,75.0
image_00036,grad_cam,resnet50,0.725,-1.0,5.0,75.0
image_00036,grad_cam,mobilenet_v2,0.725,-1.0,5.0,75.0
image_00037,grad_cam,resnet50,0.375,1.0,25.0,50.0
image_00037,grad_cam,mobilenet_v2,0.625,1.0,50.0,75.0
image_00038,grad_cam,resnet50,0.75,0.0,0.0,75.0
image_00038,grad_cam,mobilenet_v2,0.75,0.0,0.0,75.0
image_00039,grad_cam,resnet50,0.75,0.0,0.0,75.0
image_00039,grad_cam,mobilenet_v2,0.75,0.0,0.0,75.0
image_00040,grad_cam,resnet50,0.75,0.0,0.0,75.0
image_00040,grad_cam,mobilenet_v2,0.5,0.0,25.0,50.0
image_00041,grad_cam,resnet50,0.625,1.0,50.0,75.0
image_00041,grad_cam,mobilenet_v2,0.375,1.0,25.0,50.0
image_00042,grad_cam,resnet50,0.75,0.0,0.0,75.0
image_00042,grad_cam,mobilenet_v2,0.75,0.0,0.0,75.0
image_00043,grad_cam,resnet50,0.75,0.0,0.0,75.0
image_00043,grad_cam,mobilenet_v2,0.75,0.0,0.0,75.0
image_00044,grad_cam,resnet50,0.625,1.0,50.0,75.0
image_00044,grad_cam,mobilenet_v2,0.0,0.0,0.0,75.0
image_00045,grad_cam,resnet50,0.625,1.0,50.0,75.0
image_00045,grad_cam,mobilenet_v2,0.625,1.0,50.0,75.0
image_00046,grad_cam,resnet50,0.75,0.0,0.0,75.0
image_00046,grad_cam,mobilenet_v2,0.75,0.0,0.0,75.0
image_00047,grad_cam,resnet50,0.75,0.0,0.0,75.0
image_00047,grad_cam,mobilenet_v2,0.75,0.0,0.0,75.0
image_00048,grad_cam,resnet50,0.625,1.0,50.0,75.0
image_00048,grad_cam,mobilenet_v2,0.75,0.0,0.0,75.0
image_00049,grad_cam,resnet50,0.625,1.0,50.0,75.0
image_00049,grad_cam,mobilenet_v2,0.625,1.0,50.0,75.0
image_00050,grad_cam,resnet50,0.375,1.0,25.0,50.0
image_00050,grad_cam,mobilenet_v2,0.625,1.0,50.0,75.0
image_00051,grad_cam,resnet50,0.75,0.0,0.0,75.0
image_00051,grad_cam,mobilenet_v2,0.75,0.0,0.0,75.0
image_00052,grad_cam,resnet50,0.3,0.0,10.0,25.0
image_00052,grad_cam,mobilenet_v2,0.0,0.0,0.0,75.0
image_00053,grad_cam,resnet50,0.75,0.0,0.0,75.0
image_00053,grad_cam,mobilenet_v2,0.75,0.0,0.0,75.0
image_00054,grad_cam,resnet50,0.75,0.0,0.0,75.0
image_00054,grad_cam,mobilenet_v2,0.75,0.0,0.0,75.0
image_00055,grad_cam,resnet50,0.0,0.0,0.0,75.0
image_00055,grad_cam,mobilenet_v2,0.0,0.0,0.0,75.0
image_00056,grad_cam,resnet50,0.175,1.0,10.0,25.0
image_00056,grad_cam,mobilenet_v2,0.0,0.0,0.0,75.0
image_00057,grad_cam,resnet50,0.75,0.0,0.0,75.0
image_00057,grad_cam,mobilenet_v2,0.625,1.0,50.0,75.0
image_00058,grad_cam,resnet50,0.0,0.0,0.0,75.0
image_00058,grad_cam,mobilenet_v2,0.375,-1.0,0.0,75.0
image_00059,grad_cam,resnet50,0.75,0.0,0.0,75.0
image_00059,grad_cam,mobilenet_v2,0.75,0.0,0.0,75.0
image_00060,grad_cam,resnet50,0.0,0.0,0.0,75.0
image_00060,grad_cam,mobilenet_v2,0.0,0.0,0.0,75.0
image_00061,grad_cam,resnet50,0.75,0.0,0.0,75.0
image_00061,grad_cam,mobilenet_v2,0.75,0.0,0.0,75.0
image_00062,grad_cam,resnet50,0.625,1.0,50.0,75.0
image_00062,grad_cam,mobilenet_v2,0.5,0.0,25.0,50.0
image_00063,grad_cam,resnet50,0.625,1.0,50.0,75.0
image_00063,grad_cam,mobilenet_v2,0.625,1.0,50.0,75.0
image_00064,grad_cam,resnet50,0.375,1.0,25.0,50.0
image_00064,grad_cam,mobilenet_v2,0.0,0.0,0.0,75.0
image_00065,grad_cam,resnet50,0.0,0.0,0.0,75.0
image_00065,grad_cam,mobilenet_v2,0.025,1.0,0.0,5.0
image_00066,grad_cam,resnet50,0.575,-1.0,0.0,75.0
image_00066,grad_cam,mobilenet_v2,0.3,0.0,5.0,75.0
image_00067,grad_cam,resnet50,0.75,0.0,0.0,75.0
image_00067,grad_cam,mobilenet_v2,0.625,1.0,50.0,75.0
image_00068,grad_cam,resnet50,0.625,1.0,50.0,75.0
image_00068,grad_cam,mobilenet_v2,0.325,1.0,0.0,5.0
image_00069,grad_cam,resnet50,0.75,0.0,0.0,75.0
image_00069,grad_cam,mobilenet_v2,0.75,0.0,0.0,75.0
image_00070,grad_cam,resnet50,0.75,0.0,0.0,75.0
image_00070,grad_cam,mobilenet_v2,0.75,0.0,0.0,75.0
image_00071,grad_cam,resnet50,0.75,0.0,0.0,75.0
image_00071,grad_cam,mobilenet_v2,0.625,1.0,50.0,75.0
image_00072,grad_cam,resnet50,0.75,0.0,0.0,75.0
image_00072,grad_cam,mobilenet_v2,0.75,0.0,0.0,75.0
image_00073,grad_cam,resnet50,0.0,0.0,0.0,75.0
image_00073,grad_cam,mobilenet_v2,0.0,0.0,0.0,75.0
image_00074,grad_cam,resnet50,0.75,0.0,0.0,75.0
image_00074,grad_cam,mobilenet_v2,0.75,0.0,0.0,75.0
image_00075,grad_cam,resnet50,0.75,0.0,0.0,75.0
image_00075,grad_cam,mobilenet_v2,0.75,0.0,0.0,75.0
image_00076,grad_cam,resnet50,0.625,1.0,50.0,75.0
image_00076,grad_cam,mobilenet_v2,0.625,1.0,50.0,75.0
image_00077,grad_cam,resnet50,0.625,1.0,50.0,75.0
image_00077,grad_cam,mobilenet_v2,0.375,1.0,25.0,50.0
image_00078,grad_cam,resnet50,0.75,0.0,0.0,75.0
image_00078,grad_cam,mobilenet_v2,0.75,0.0,0.0,75.0
image_00079,grad_cam,resnet50,0.75,0.0,0.0,75.0
image_00079,grad_cam,mobilenet_v2,0.75,0.0,0.0,75.0
image_00080,grad_cam,resnet50,0.75,0.0,0.0,75.0
image_00080,grad_cam,mobilenet_v2,0.75,0.0,0.0,75.0
image_00081,grad_cam,resnet50,0.75,0.0,0.0,75.0
image_00081,grad_cam,mobilenet_v2,0.75,0.0,0.0,75.0
image_00082,grad_cam,resnet50,0.75,0.0,0.0,75.0
image_00082,grad_cam,mobilenet_v2,0.75,0.0,0.0,75.0
image_00083,grad_cam,resnet50,0.75,0.0,0.0,75.0
image_00083,grad_cam,mobilenet_v2,0.75,0.0,0.0,75.0
image_00084,grad_cam,resnet50,0.75,0.0,0.0,75.0
image_00084,grad_cam,mobilenet_v2,0.75,0.0,0.0,75.0
image_00085,grad_cam,resnet50,0.75,0.0,0.0,75.0
image_00085,grad_cam,mobilenet_v2,0.75,0.0,0.0,75.0
image_00086,grad_cam,resnet50,0.75,0.0,0.0,75.0
image_00086,grad_cam,mobilenet_v2,0.75,0.0,0.0,75.0
image_00087,grad_cam,resnet50,0.75,0.0,0.0,75.0
image_00087,grad_cam,mobilenet_v2,0.75,0.0,0.0,75.0
image_00088,grad_cam,resnet50,0.75,0.0,0.0,75.0
image_00088,grad_cam,mobilenet_v2,0.75,0.0,0.0,75.0
image_00089,grad_cam,resnet50,0.75,0.0,0.0,75.0
image_00089,grad_cam,mobilenet_v2,0.75,0.0,0.0,75.0
image_00090,grad_cam,resnet50,0.75,0.0,0.0,75.0
image_00090,grad_cam,mobilenet_v2,0.75,0.0,0.0,75.0
image_00091,grad_cam,resnet50,0.75,0.0,0.0,75.0
image_00091,grad_cam,mobilenet_v2,0.625,1.0,50.0,75.0
image_00092,grad_cam,resnet50,0.75,0.0,0.0,75.0
image_00092,grad_cam,mobilenet_v2,0.75,0.0,0.0,75.0
image_00093,grad_cam,resnet50,0.75,0.0,0.0,75.0
image_00093,grad_cam,mobilenet_v2,0.75,0.0,0.0,75.0
image_00094,grad_cam,resnet50,0.75,0.0,0.0,75.0
image_00094,grad_cam,mobilenet_v2,0.75,0.0,0.0,75.0
image_00095,grad_cam,resnet50,0.625,1.0,50.0,75.0
image_00095,grad_cam,mobilenet_v2,0.625,1.0,50.0,75.0
image_00096,grad_cam,resnet50,0.75,0.0,0.0,75.0
image_00096,grad_cam,mobilenet_v2,0.75,0.0,0.0,75.0
image_00097,grad_cam,resnet50,0.75,0.0,0.0,75.0
image_00097,grad_cam,mobilenet_v2,0.75,0.0,0.0,75.0
image_00098,grad_cam,resnet50,0.75,0.0,0.0,75.0
image_00098,grad_cam,mobilenet_v2,0.625,1.0,50.0,75.0
image_00099,grad_cam,resnet50,0.75,0.0,0.0,75.0
image_00099,grad_cam,mobilenet_v2,0.625,1.0,50.0,75.0
image_00100,grad_cam,resnet50,0.75,0.0,0.0,75.0
image_00100,grad_cam,mobilenet_v2,0.625,1.0,50.0,75.0
image_00101,grad_cam,resnet50,0.625,1.0,50.0,75.0
image_00101,grad_cam,mobilenet_v2,0.625,1.0,50.0,75.0
image_00102,grad_cam,resnet50,0.75,0.0,0.0,75.0
image_00102,grad_cam,mobilenet_v2,0.75,0.0,0.0,75.0
image_00103,grad_cam,resnet50,0.625,1.0,50.0,75.0
image_00103,grad_cam,mobilenet_v2,0.625,1.0,50.0,75.0
image_00104,grad_cam,resnet50,0.275,1.0,5.0,10.0
image_00104,grad_cam,mobilenet_v2,0.0,0.0,0.0,75.0
image_00105,grad_cam,resnet50,0.375,1.0,25.0,50.0
image_00105,grad_cam,mobilenet_v2,0.625,1.0,50.0,75.0
image_00106,grad_cam,resnet50,0.75,0.0,0.0,75.0
image_00106,grad_cam,mobilenet_v2,0.625,1.0,50.0,75.0
image_00107,grad_cam,resnet50,0.0,0.0,0.0,75.0
image_00107,grad_cam,mobilenet_v2,0.125,-1.0,0.0,75.0
image_00108,grad_cam,resnet50,0.625,1.0,50.0,75.0
image_00108,grad_cam,mobilenet_v2,0.625,1.0,50.0,75.0
image_00109,grad_cam,resnet50,0.75,0.0,0.0,75.0
image_00109,grad_cam,mobilenet_v2,0.75,0.0,0.0,75.0
image_00110,grad_cam,resnet50,0.625,1.0,50.0,75.0
image_00110,grad_cam,mobilenet_v2,0.75,0.0,0.0,75.0
image_00111,grad_cam,resnet50,0.75,0.0,0.0,75.0
image_00111,grad_cam,mobilenet_v2,0.75,0.0,0.0,75.0
image_00112,grad_cam,resnet50,0.75,0.0,0.0,75.0
image_00112,grad_cam,mobilenet_v2,0.75,0.0,0.0,75.0
image_00113,grad_cam,resnet50,0.75,0.0,0.0,75.0
image_00113,grad_cam,mobilenet_v2,0.625,1.0,50.0,75.0
image_00114,grad_cam,resnet50,0.625,1.0,50.0,75.0
image_00114,grad_cam,mobilenet_v2,0.375,1.0,25.0,50.0
image_00115,grad_cam,resnet50,0.625,1.0,50.0,75.0
image_00115,grad_cam,mobilenet_v2,0.375,1.0,25.0,50.0
image_00116,grad_cam,resnet50,0.625,1.0,50.0,75.0
image_00116,grad_cam,mobilenet_v2,0.625,1.0,50.0,75.0
image_00117,grad_cam,resnet50,0.75,0.0,0.0,75.0
image_00117,grad_cam,mobilenet_v2,0.75,0.0,0.0,75.0
image_00118,grad_cam,resnet50,0.0,0.0,0.0,75.0
image_00118,grad_cam,mobilenet_v2,0.0,0.0,0.0,75.0
image_00119,grad_cam,resnet50,0.625,1.0,50.0,75.0
image_00119,grad_cam,mobilenet_v2,0.325,1.0,5.0,10.0
image_00120,grad_cam,resnet50,0.75,0.0,0.0,75.0
image_00120,grad_cam,mobilenet_v2,0.75,0.0,0.0,75.0
image_00121,grad_cam,resnet50,0.625,1.0,50.0,75.0
image_00121,grad_cam,mobilenet_v2,0.625,1.0,50.0,75.0
image_00122,grad_cam,resnet50,0.75,0.0,0.0,75.0
image_00122,grad_cam,mobilenet_v2,0.0,0.0,0.0,75.0
image_00123,grad_cam,resnet50,0.75,0.0,0.0,75.0
image_00123,grad_cam,mobilenet_v2,0.75,0.0,0.0,75.0
image_00124,grad_cam,resnet50,0.375,1.0,25.0,50.0
image_00124,grad_cam,mobilenet_v2,0.375,1.0,25.0,50.0
image_00125,grad_cam,resnet50,0.55,0.0,10.0,25.0
image_00125,grad_cam,mobilenet_v2,0.75,0.0,0.0,75.0
image_00126,grad_cam,resnet50,0.75,0.0,0.0,75.0
image_00126,grad_cam,mobilenet_v2,0.75,0.0,0.0,75.0
image_00127,grad_cam,resnet50,0.75,0.0,0.0,75.0
image_00127,grad_cam,mobilenet_v2,0.75,0.0,0.0,75.0
image_00128,grad_cam,resnet50,0.75,0.0,0.0,75.0
image_00128,grad_cam,mobilenet_v2,0.625,1.0,50.0,75.0
image_00129,grad_cam,resnet50,0.75,0.0,0.0,75.0
image_00129,grad_cam,mobilenet_v2,0.75,0.0,0.0,75.0
image_00130,grad_cam,resnet50,0.75,0.0,0.0,75.0
image_00130,grad_cam,mobilenet_v2,0.625,1.0,50.0,75.0
image_00131,grad_cam,resnet50,0.75,0.0,0.0,75.0
image_00131,grad_cam,mobilenet_v2,0.75,0.0,0.0,75.0
image_00132,grad_cam,resnet50,0.75,0.0,0.0,75.0
image_00132,grad_cam,mobilenet_v2,0.75,0.0,0.0,75.0
image_00133,grad_cam,resnet50,0.625,1.0,50.0,75.0
image_00133,grad_cam,mobilenet_v2,0.75,0.0,0.0,75.0
image_00134,grad_cam,resnet50,0.75,0.0,0.0,75.0
image_00134,grad_cam,mobilenet_v2,0.75,0.0,0.0,75.0
image_00135,grad_cam,resnet50,0.625,1.0,50.0,75.0
image_00135,grad_cam,mobilenet_v2,0.75,0.0,0.0,75.0
image_00136,grad_cam,resnet50,0.75,0.0,0.0,75.0
image_00136,grad_cam,mobilenet_v2,0.75,0.0,0.0,75.0
image_00137,grad_cam,resnet50,0.625,1.0,50.0,75.0
image_00137,grad_cam,mobilenet_v2,0.375,1.0,25.0,50.0
image_00138,grad_cam,resnet50,0.75,0.0,0.0,75.0
image_00138,grad_cam,mobilenet_v2,0.75,0.0,0.0,75.0
image_00139,grad_cam,resnet50,0.75,0.0,0.0,75.0
image_00139,grad_cam,mobilenet_v2,0.75,0.0,0.0,75.0
image_00140,grad_cam,resnet50,0.75,0.0,0.0,75.0
image_00140,grad_cam,mobilenet_v2,0.75,0.0,0.0,75.0
image_00141,grad_cam,resnet50,0.75,0.0,0.0,75.0
image_00141,grad_cam,mobilenet_v2,0.75,0.0,0.0,75.0
image_00142,grad_cam,resnet50,0.75,0.0,0.0,75.0
image_00142,grad_cam,mobilenet_v2,0.625,1.0,50.0,75.0
image_00143,grad_cam,resnet50,0.75,0.0,0.0,75.0
image_00143,grad_cam,mobilenet_v2,0.75,0.0,0.0,75.0
image_00144,grad_cam,resnet50,0.75,0.0,0.0,75.0
image_00144,grad_cam,mobilenet_v2,0.75,0.0,0.0,75.0
image_00145,grad_cam,resnet50,0.75,0.0,0.0,75.0
image_00145,grad_cam,mobilenet_v2,0.75,0.0,0.0,75.0
image_00146,grad_cam,resnet50,0.625,1.0,50.0,75.0
image_00146,grad_cam,mobilenet_v2,0.75,0.0,0.0,75.0
image_00147,grad_cam,resnet50,0.75,0.0,0.0,75.0
image_00147,grad_cam,mobilenet_v2,0.75,0.0,0.0,75.0
image_00148,grad_cam,resnet50,0.625,1.0,50.0,75.0
image_00148,grad_cam,mobilenet_v2,0.75,0.0,0.0,75.0
image_00149,grad_cam,resnet50,0.625,1.0,50.0,75.0
image_00149,grad_cam,mobilenet_v2,0.625,1.0,50.0,75.0
image_00150,grad_cam,resnet50,0.75,0.0,0.0,75.0
image_00150,grad_cam,mobilenet_v2,0.75,0.0,0.0,75.0
image_00151,grad_cam,resnet50,0.75,0.0,0.0,75.0
image_00151,grad_cam,mobilenet_v2,0.75,0.0,0.0,75.0
image_00152,grad_cam,resnet50,0.625,1.0,50.0,75.0
image_00152,grad_cam,mobilenet_v2,0.625,1.0,50.0,75.0
image_00153,grad_cam,resnet50,0.75,0.0,0.0,75.0
image_00153,grad_cam,mobilenet_v2,0.75,0.0,0.0,75.0
image_00154,grad_cam,resnet50,0.75,0.0,0.0,75.0
image_00154,grad_cam,mobilenet_v2,0.75,0.0,0.0,75.0
image_00155,grad_cam,resnet50,0.75,0.0,0.0,75.0
image_00155,grad_cam,mobilenet_v2,0.75,0.0,0.0,75.0
image_00156,grad_cam,resnet50,0.75,0.0,0.0,75.0
image_00156,grad_cam,mobilenet_v2,0.625,1.0,50.0,75.0
image_00157,grad_cam,resnet50,0.75,0.0,0.0,75.0
image_00157,grad_cam,mobilenet_v2,0.75,0.0,0.0,75.0
image_00158,grad_cam,resnet50,0.75,0.0,0.0,75.0
image_00158,grad_cam,mobilenet_v2,0.0,0.0,0.0,75.0
image_00159,grad_cam,resnet50,0.325,1.0,5.0,10.0
image_00159,grad_cam,mobilenet_v2,0.0,0.0,0.0,75.0
image_00160,grad_cam,resnet50,0.75,0.0,0.0,75.0
image_00160,grad_cam,mobilenet_v2,0.75,0.0,0.0,75.0
image_00161,grad_cam,resnet50,0.75,0.0,0.0,75.0
image_00161,grad_cam,mobilenet_v2,0.5,0.0,25.0,50.0
image_00162,grad_cam,resnet50,0.75,0.0,0.0,75.0
image_00162,grad_cam,mobilenet_v2,0.625,1.0,50.0,75.0
image_00163,grad_cam,resnet50,0.75,0.0,0.0,75.0
image_00163,grad_cam,mobilenet_v2,0.4,0.0,0.0,5.0
image_00164,grad_cam,resnet50,0.75,0.0,0.0,75.0
image_00164,grad_cam,mobilenet_v2,0.75,0.0,0.0,75.0
image_00165,grad_cam,resnet50,0.625,1.0,50.0,75.0
image_00165,grad_cam,mobilenet_v2,0.625,1.0,50.0,75.0
image_00166,grad_cam,resnet50,0.625,1.0,50.0,75.0
image_00166,grad_cam,mobilenet_v2,0.625,1.0,50.0,75.0
image_00167,grad_cam,resnet50,0.75,0.0,0.0,75.0
image_00167,grad_cam,mobilenet_v2,0.75,0.0,0.0,75.0
image_00168,grad_cam,resnet50,0.625,1.0,50.0,75.0
image_00168,grad_cam,mobilenet_v2,0.0,0.0,0.0,75.0
image_00169,grad_cam,resnet50,0.75,0.0,0.0,75.0
image_00169,grad_cam,mobilenet_v2,0.25,0.0,50.0,75.0
image_00170,grad_cam,resnet50,0.75,0.0,0.0,75.0
image_00170,grad_cam,mobilenet_v2,0.025,1.0,0.0,5.0
image_00171,grad_cam,resnet50,0.75,0.0,0.0,75.0
image_00171,grad_cam,mobilenet_v2,0.625,1.0,50.0,75.0
image_00172,grad_cam,resnet50,0.75,0.0,0.0,75.0
image_00172,grad_cam,mobilenet_v2,0.75,0.0,0.0,75.0
image_00173,grad_cam,resnet50,0.625,1.0,50.0,75.0
image_00173,grad_cam,mobilenet_v2,0.75,0.0,0.0,75.0
image_00174,grad_cam,resnet50,0.0,0.0,0.0,75.0
image_00174,grad_cam,mobilenet_v2,0.0,0.0,0.0,75.0
image_00175,grad_cam,resnet50,0.025,1.0,0.0,5.0
image_00175,grad_cam,mobilenet_v2,0.0,0.0,0.0,75.0
image_00176,grad_cam,resnet50,0.625,1.0,50.0,75.0
image_00176,grad_cam,mobilenet_v2,0.75,0.0,0.0,75.0
image_00177,grad_cam,resnet50,0.75,0.0,0.0,75.0
image_00177,grad_cam,mobilenet_v2,0.125,-1.0,0.0,75.0
image_00178,grad_cam,resnet50,0.75,0.0,0.0,75.0
image_00178,grad_cam,mobilenet_v2,0.75,0.0,0.0,75.0
image_00179,grad_cam,resnet50,0.625,1.0,50.0,75.0
image_00179,grad_cam,mobilenet_v2,0.75,0.0,0.0,75.0
image_00180,grad_cam,resnet50,0.425,1.0,10.0,25.0
image_00180,grad_cam,mobilenet_v2,0.025,1.0,0.0,5.0
image_00181,grad_cam,resnet50,0.75,0.0,0.0,75.0
image_00181,grad_cam,mobilenet_v2,0.75,0.0,0.0,75.0
image_00182,grad_cam,resnet50,0.75,0.0,0.0,75.0
image_00182,grad_cam,mobilenet_v2,0.625,1.0,50.0,75.0
image_00183,grad_cam,resnet50,0.75,0.0,0.0,75.0
image_00183,grad_cam,mobilenet_v2,0.75,0.0,0.0,75.0
image_00184,grad_cam,resnet50,0.175,1.0,10.0,25.0
image_00184,grad_cam,mobilenet_v2,0.0,0.0,0.0,75.0
image_00185,grad_cam,resnet50,0.75,0.0,0.0,75.0
image_00185,grad_cam,mobilenet_v2,0.75,0.0,0.0,75.0
image_00186,grad_cam,resnet50,0.625,1.0,50.0,75.0
image_00186,grad_cam,mobilenet_v2,0.425,1.0,10.0,25.0
image_00187,grad_cam,resnet50,0.75,0.0,0.0,75.0
image_00187,grad_cam,mobilenet_v2,0.75,0.0,0.0,75.0
image_00188,grad_cam,resnet50,0.75,0.0,0.0,75.0
image_00188,grad_cam,mobilenet_v2,0.75,0.0,0.0,75.0
image_00189,grad_cam,resnet50,0.625,1.0,50.0,75.0
image_00189,grad_cam,mobilenet_v2,0.625,1.0,50.0,75.0
image_00190,grad_cam,resnet50,0.75,0.0,0.0,75.0
image_00190,grad_cam,mobilenet_v2,0.75,0.0,0.0,75.0
image_00191,grad_cam,resnet50,0.625,1.0,50.0,75.0
image_00191,grad_cam,mobilenet_v2,0.625,1.0,50.0,75.0
image_00192,grad_cam,resnet50,0.375,1.0,25.0,50.0
image_00192,grad_cam,mobilenet_v2,0.0,0.0,0.0,75.0
image_00193,grad_cam,resnet50,0.025,1.0,0.0,5.0
image_00193,grad_cam,mobilenet_v2,0.0,0.0,0.0,75.0
image_00194,grad_cam,resnet50,0.75,0.0,0.0,75.0
image_00194,grad_cam,mobilenet_v2,0.75,0.0,0.0,75.0
image_00195,grad_cam,resnet50,0.75,0.0,0.0,75.0
image_00195,grad_cam,mobilenet_v2,0.75,0.0,0.0,75.0
image_00196,grad_cam,resnet50,0.75,0.0,0.0,75.0
image_00196,grad_cam,mobilenet_v2,0.75,0.0,0.0,75.0
image_00197,grad_cam,resnet50,0.75,0.0,0.0,75.0
image_00197,grad_cam,mobilenet_v2,0.75,0.0,0.0,75.0
image_00198,grad_cam,resnet50,0.75,0.0,0.0,75.0
image_00198,grad_cam,mobilenet_v2,0.75,0.0,0.0,75.0
image_00199,grad_cam,resnet50,0.75,0.0,0.0,75.0
image_00199,grad_cam,mobilenet_v2,0.75,0.0,0.0,75.0
image_00200,grad_cam,resnet50,0.625,1.0,50.0,75.0
image_00200,grad_cam,mobilenet_v2,0.625,1.0,50.0,75.0
image_00201,grad_cam,resnet50,0.75,0.0,0.0,75.0
image_00201,grad_cam,mobilenet_v2,0.75,0.0,0.0,75.0
image_00202,grad_cam,resnet50,0.375,1.0,25.0,50.0
image_00202,grad_cam,mobilenet_v2,0.375,1.0,25.0,50.0
image_00203,grad_cam,resnet50,0.75,0.0,0.0,75.0
image_00203,grad_cam,mobilenet_v2,0.75,0.0,0.0,75.0
image_00204,grad_cam,resnet50,0.5,0.0,5.0,75.0
image_00204,grad_cam,mobilenet_v2,0.0,0.0,0.0,75.0
image_00205,grad_cam,resnet50,0.625,1.0,50.0,75.0
image_00205,grad_cam,mobilenet_v2,0.625,1.0,50.0,75.0
image_00206,grad_cam,resnet50,0.45,0.0,50.0,75.0
image_00206,grad_cam,mobilenet_v2,0.75,0.0,0.0,75.0
image_00207,grad_cam,resnet50,0.75,0.0,0.0,75.0
image_00207,grad_cam,mobilenet_v2,0.75,0.0,0.0,75.0
image_00208,grad_cam,resnet50,0.625,1.0,50.0,75.0
image_00208,grad_cam,mobilenet_v2,0.375,1.0,25.0,50.0
image_00209,grad_cam,resnet50,0.375,1.0,25.0,50.0
image_00209,grad_cam,mobilenet_v2,0.325,1.0,0.0,5.0
image_00210,grad_cam,resnet50,0.75,0.0,0.0,75.0
image_00210,grad_cam,mobilenet_v2,0.75,0.0,0.0,75.0
image_00211,grad_cam,resnet50,0.75,0.0,0.0,75.0
image_00211,grad_cam,mobilenet_v2,0.625,1.0,50.0,75.0
image_00212,grad_cam,resnet50,0.175,1.0,10.0,25.0
image_00212,grad_cam,mobilenet_v2,0.0,0.0,0.0,75.0
image_00213,grad_cam,resnet50,0.75,0.0,0.0,75.0
image_00213,grad_cam,mobilenet_v2,0.75,0.0,0.0,75.0
image_00214,grad_cam,resnet50,0.75,0.0,0.0,75.0
image_00214,grad_cam,mobilenet_v2,0.75,0.0,0.0,75.0
image_00215,grad_cam,resnet50,0.0,0.0,0.0,75.0
image_00215,grad_cam,mobilenet_v2,0.125,-1.0,0.0,75.0
image_00216,grad_cam,resnet50,0.75,0.0,0.0,75.0
image_00216,grad_cam,mobilenet_v2,0.75,0.0,0.0,75.0
image_00217,grad_cam,resnet50,0.75,0.0,0.0,75.0
image_00217,grad_cam,mobilenet_v2,0.75,0.0,0.0,75.0
image_00218,grad_cam,resnet50,0.75,0.0,0.0,75.0
image_00218,grad_cam,mobilenet_v2,0.75,0.0,0.0,75.0
image_00219,grad_cam,resnet50,0.75,0.0,0.0,75.0
image_00219,grad_cam,mobilenet_v2,0.75,0.0,0.0,75.0
image_00220,grad_cam,resnet50,0.75,0.0,0.0,75.0
image_00220,grad_cam,mobilenet_v2,0.625,1.0,50.0,75.0
image_00221,grad_cam,resnet50,0.625,1.0,50.0,75.0
image_00221,grad_cam,mobilenet_v2,0.425,1.0,10.0,25.0
image_00222,grad_cam,resnet50,0.75,0.0,0.0,75.0
image_00222,grad_cam,mobilenet_v2,0.75,0.0,0.0,75.0
image_00223,grad_cam,resnet50,0.75,0.0,0.0,75.0
image_00223,grad_cam,mobilenet_v2,0.55,0.0,10.0,25.0
image_00224,grad_cam,resnet50,0.75,0.0,0.0,75.0
image_00224,grad_cam,mobilenet_v2,0.75,0.0,0.0,75.0
image_00225,grad_cam,resnet50,0.75,0.0,0.0,75.0
image_00225,grad_cam,mobilenet_v2,0.75,0.0,0.0,75.0
image_00226,grad_cam,resnet50,0.375,1.0,25.0,50.0
image_00226,grad_cam,mobilenet_v2,0.175,1.0,10.0,25.0
image_00227,grad_cam,resnet50,0.75,0.0,0.0,75.0
image_00227,grad_cam,mobilenet_v2,0.75,0.0,0.0,75.0
image_00228,grad_cam,resnet50,0.75,0.0,0.0,75.0
image_00228,grad_cam,mobilenet_v2,0.75,0.0,0.0,75.0
image_00229,grad_cam,resnet50,0.75,0.0,0.0,75.0
image_00229,grad_cam,mobilenet_v2,0.75,0.0,0.0,75.0
image_00230,grad_cam,resnet50,0.75,0.0,0.0,75.0
image_00230,grad_cam,mobilenet_v2,0.375,1.0,25.0,50.0
image_00231,grad_cam,resnet50,0.75,0.0,0.0,75.0
image_00231,grad_cam,mobilenet_v2,0.525,1.0,5.0,10.0
image_00232,grad_cam,resnet50,0.75,0.0,0.0,75.0
image_00232,grad_cam,mobilenet_v2,0.75,0.0,0.0,75.0
image_00233,grad_cam,resnet50,0.75,0.0,0.0,75.0
image_00233,grad_cam,mobilenet_v2,0.625,1.0,50.0,75.0
image_00234,grad_cam,resnet50,0.75,0.0,0.0,75.0
image_00234,grad_cam,mobilenet_v2,0.75,0.0,0.0,75.0
image_00235,grad_cam,resnet50,0.75,0.0,0.0,75.0
image_00235,grad_cam,mobilenet_v2,0.75,0.0,0.0,75.0
image_00236,grad_cam,resnet50,0.75,0.0,0.0,75.0
image_00236,grad_cam,mobilenet_v2,0.625,1.0,50.0,75.0
image_00237,grad_cam,resnet50,0.75,0.0,0.0,75.0
image_00237,grad_cam,mobilenet_v2,0.75,0.0,0.0,75.0
image_00238,grad_cam,resnet50,0.75,0.0,0.0,75.0
image_00238,grad_cam,mobilenet_v2,0.75,0.0,0.0,75.0
image_00239,grad_cam,resnet50,0.625,1.0,50.0,75.0
image_00239,grad_cam,mobilenet_v2,0.625,1.0,50.0,75.0
image_00240,grad_cam,resnet50,0.75,0.0,0.0,75.0
image_00240,grad_cam,mobilenet_v2,0.125,-1.0,0.0,75.0
image_00241,grad_cam,resnet50,0.75,0.0,0.0,75.0
image_00241,grad_cam,mobilenet_v2,0.75,0.0,0.0,75.0
image_00242,grad_cam,resnet50,0.75,0.0,0.0,75.0
image_00242,grad_cam,mobilenet_v2,0.75,0.0,0.0,75.0
image_00243,grad_cam,resnet50,0.75,0.0,0.0,75.0
image_00243,grad_cam,mobilenet_v2,0.175,1.0,10.0,25.0
image_00244,grad_cam,resnet50,0.75,0.0,0.0,75.0
image_00244,grad_cam,mobilenet_v2,0.75,0.0,0.0,75.0
image_00245,grad_cam,resnet50,0.625,1.0,50.0,75.0
image_00245,grad_cam,mobilenet_v2,0.625,1.0,50.0,75.0
image_00246,grad_cam,resnet50,0.75,0.0,0.0,75.0
image_00246,grad_cam,mobilenet_v2,0.75,0.0,0.0,75.0
image_00247,grad_cam,resnet50,0.75,0.0,0.0,75.0
image_00247,grad_cam,mobilenet_v2,0.375,-1.0,0.0,75.0
image_00248,grad_cam,resnet50,0.625,1.0,50.0,75.0
image_00248,grad_cam,mobilenet_v2,0.625,1.0,50.0,75.0
image_00249,grad_cam,resnet50,0.25,0.0,50.0,75.0
image_00249,grad_cam,mobilenet_v2,0.625,1.0,50.0,75.0
image_00250,grad_cam,resnet50,0.0,0.0,0.0,75.0
image_00250,grad_cam,mobilenet_v2,0.0,0.0,0.0,75.0
image_00251,grad_cam,resnet50,0.75,0.0,0.0,75.0
image_00251,grad_cam,mobilenet_v2,0.75,0.0,0.0,75.0
image_00252,grad_cam,resnet50,0.375,1.0,25.0,50.0
image_00252,grad_cam,mobilenet_v2,0.375,1.0,25.0,50.0
image_00253,grad_cam,resnet50,0.625,1.0,50.0,75.0
image_00253,grad_cam,mobilenet_v2,0.75,0.0,0.0,75.0
image_00254,grad_cam,resnet50,0.75,0.0,0.0,75.0
image_00254,grad_cam,mobilenet_v2,0.75,0.0,0.0,75.0
image_00255,grad_cam,resnet50,0.625,1.0,50.0,75.0
image_00255,grad_cam,mobilenet_v2,0.625,1.0,50.0,75.0
image_00256,grad_cam,resnet50,0.625,1.0,50.0,75.0
image_00256,grad_cam,mobilenet_v2,0.625,1.0,50.0,75.0
image_00257,grad_cam,resnet50,0.375,1.0,25.0,50.0
image_00257,grad_cam,mobilenet_v2,0.375,1.0,25.0,50.0
image_00258,grad_cam,resnet50,0.75,0.0,0.0,75.0
image_00258,grad_cam,mobilenet_v2,0.625,1.0,50.0,75.0
image_00259,grad_cam,resnet50,0.75,0.0,0.0,75.0
image_00259,grad_cam,mobilenet_v2,0.75,0.0,0.0,75.0
image_00260,grad_cam,resnet50,0.75,0.0,0.0,75.0
image_00260,grad_cam,mobilenet_v2,0.75,0.0,0.0,75.0
image_00261,grad_cam,resnet50,0.625,1.0,50.0,75.0
image_00261,grad_cam,mobilenet_v2,0.375,1.0,25.0,50.0
image_00262,grad_cam,resnet50,0.625,1.0,50.0,75.0
image_00262,grad_cam,mobilenet_v2,0.625,1.0,50.0,75.0
image_00263,grad_cam,resnet50,0.75,0.0,0.0,75.0
image_00263,grad_cam,mobilenet_v2,0.75,0.0,0.0,75.0
image_00264,grad_cam,resnet50,0.75,0.0,0.0,75.0
image_00264,grad_cam,mobilenet_v2,0.75,0.0,0.0,75.0
image_00265,grad_cam,resnet50,0.75,0.0,0.0,75.0
image_00265,grad_cam,mobilenet_v2,0.0,0.0,0.0,75.0
image_00266,grad_cam,resnet50,0.75,0.0,0.0,75.0
image_00266,grad_cam,mobilenet_v2,0.6,0.0,50.0,75.0
image_00267,grad_cam,resnet50,0.5,0.0,5.0,75.0
image_00267,grad_cam,mobilenet_v2,0.25,0.0,50.0,75.0
image_00268,grad_cam,resnet50,0.75,0.0,0.0,75.0
image_00268,grad_cam,mobilenet_v2,0.75,0.0,0.0,75.0
image_00269,grad_cam,resnet50,0.625,1.0,50.0,75.0
image_00269,grad_cam,mobilenet_v2,0.625,1.0,50.0,75.0
image_00270,grad_cam,resnet50,0.75,0.0,0.0,75.0
image_00270,grad_cam,mobilenet_v2,0.025,1.0,0.0,5.0
image_00271,grad_cam,resnet50,0.75,0.0,0.0,75.0
image_00271,grad_cam,mobilenet_v2,0.75,0.0,0.0,75.0
image_00272,grad_cam,resnet50,0.0,0.0,0.0,75.0
image_00272,grad_cam,mobilenet_v2,0.25,0.0,50.0,75.0
image_00273,grad_cam,resnet50,0.75,0.0,0.0,75.0
image_00273,grad_cam,mobilenet_v2,0.5,0.0,25.0,50.0
image_00274,grad_cam,resnet50,0.75,0.0,0.0,75.0
image_00274,grad_cam,mobilenet_v2,0.75,0.0,0.0,75.0
image_00275,grad_cam,resnet50,0.75,0.0,0.0,75.0
image_00275,grad_cam,mobilenet_v2,0.75,0.0,0.0,75.0
image_00276,grad_cam,resnet50,0.75,0.0,0.0,75.0
image_00276,grad_cam,mobilenet_v2,0.75,0.0,0.0,75.0
image_00277,grad_cam,resnet50,0.75,0.0,0.0,75.0
image_00277,grad_cam,mobilenet_v2,0.75,0.0,0.0,75.0
image_00278,grad_cam,resnet50,0.375,1.0,25.0,50.0
image_00278,grad_cam,mobilenet_v2,0.0,0.0,0.0,75.0
image_00279,grad_cam,resnet50,0.75,0.0,0.0,75.0
image_00279,grad_cam,mobilenet_v2,0.75,0.0,0.0,75.0
image_00280,grad_cam,resnet50,0.75,0.0,0.0,75.0
image_00280,grad_cam,mobilenet_v2,0.75,0.0,0.0,75.0
image_00281,grad_cam,resnet50,0.0,0.0,0.0,75.0
image_00281,grad_cam,mobilenet_v2,0.0,0.0,0.0,75.0
image_00282,grad_cam,resnet50,0.0,0.0,0.0,75.0
image_00282,grad_cam,mobilenet_v2,0.0,0.0,0.0,75.0
image_00283,grad_cam,resnet50,0.625,1.0,50.0,75.0
image_00283,grad_cam,mobilenet_v2,0.75,0.0,0.0,75.0
image_00284,grad_cam,resnet50,0.75,0.0,0.0,75.0
image_00284,grad_cam,mobilenet_v2,0.75,0.0,0.0,75.0
image_00285,grad_cam,resnet50,0.75,0.0,0.0,75.0
image_00285,grad_cam,mobilenet_v2,0.75,0.0,0.0,75.0
image_00286,grad_cam,resnet50,0.75,0.0,0.0,75.0
image_00286,grad_cam,mobilenet_v2,0.0,0.0,0.0,75.0
image_00287,grad_cam,resnet50,0.75,0.0,0.0,75.0
image_00287,grad_cam,mobilenet_v2,0.75,0.0,0.0,75.0
image_00288,grad_cam,resnet50,0.75,0.0,0.0,75.0
image_00288,grad_cam,mobilenet_v2,0.625,1.0,50.0,75.0
image_00289,grad_cam,resnet50,0.75,0.0,0.0,75.0
image_00289,grad_cam,mobilenet_v2,0.75,0.0,0.0,75.0
image_00290,grad_cam,resnet50,0.0,0.0,0.0,75.0
image_00290,grad_cam,mobilenet_v2,0.0,0.0,0.0,75.0
image_00291,grad_cam,resnet50,0.2,0.0,25.0,75.0
image_00291,grad_cam,mobilenet_v2,0.0,0.0,0.0,75.0
image_00292,grad_cam,resnet50,0.75,0.0,0.0,75.0
image_00292,grad_cam,mobilenet_v2,0.75,0.0,0.0,75.0
image_00293,grad_cam,resnet50,0.625,1.0,50.0,75.0
image_00293,grad_cam,mobilenet_v2,0.75,0.0,0.0,75.0
image_00294,grad_cam,resnet50,0.625,1.0,50.0,75.0
image_00294,grad_cam,mobilenet_v2,0.625,1.0,50.0,75.0
image_00295,grad_cam,resnet50,0.75,0.0,0.0,75.0
image_00295,grad_cam,mobilenet_v2,0.75,0.0,0.0,75.0
image_00296,grad_cam,resnet50,0.75,0.0,0.0,75.0
image_00296,grad_cam,mobilenet_v2,0.55,0.0,10.0,25.0
image_00297,grad_cam,resnet50,0.75,0.0,0.0,75.0
image_00297,grad_cam,mobilenet_v2,0.75,0.0,0.0,75.0
image_00298,grad_cam,resnet50,0.75,0.0,0.0,75.0
image_00298,grad_cam,mobilenet_v2,0.625,1.0,50.0,75.0
image_00299,grad_cam,resnet50,0.75,0.0,0.0,75.0
image_00299,grad_cam,mobilenet_v2,0.75,0.0,0.0,75.0
